{
    "en": {
        "title": "PC Shop",
        "headerLogoText": "PC Shop - Computer Store",
        "navbar": {
            "home": "Home",
            "about": "About",
            "register": "Register",
            "login": "Login",
            "searchPlaceholder": "What are you looking for?",
            "searchButton": "Search"
        },
        "products": {
            "PCsHeading": "Computers",
            "quantityLabel": "Quantity:",
            "addToCartButton": "Add to Cart",
            "buyButton": "Buy"
        },
        "footerText": "© 15/01/2025 Computer Store"
    },
    "ka": {
        "title": "კომპიუტერული მაღაზია",
        "headerLogoText": "PC Shop - კომპიუტერული მაღაზია",
        "navbar": {
            "home": "მთავარი",
            "about": "შესახებ",
            "register": "რეგისტრაცია",
            "login": "ავტორიზაცია",
            "searchPlaceholder": "რას ეძებთ?",
            "searchButton": "ძებნა"
        },
        "products": {
            "PCsHeading": "კომპიუტერები",
            "quantityLabel": "რაოდენობა:",
            "addToCartButton": "კალათაში დამატება",
            "buyButton": "ყიდვა"
        },
        "footerText": "© 15/01/2025 კომპიუტერული მაღაზია"
    }
}
